Designated_Landscape,Coastal edge,Developed (amenity),Developed (communities),Developed (industry),Lowland (wooded & wetland),Lowland valleys (hedgerow),Lowland valleys (open),Upland (grassland),Upland (moorland),Upland (rock),Upland (wooded hills),Upland (wooded),Water (inland),Water (sea),Total_Km2
Anglesey AONB,42.64,1.52,3.91,0.37,10.48,64.64,65.19,0.83,13.98,0,2.6,6.08,0,6.209999999999999,218.45
Brecon Beacons National Park,0,0,7.0200000000000005,1.63,6.65,12.24,55.59,169.71,528.22,1.14,16.23,543.2,8.55,0,1350.18
Clwydian Range and Dee Valley AONB,0,0.01,2.64,1.96,6.1899999999999995,60.63,41.46,76.88,133.35,0.1,16.59,49.269999999999996,0.18,0,389.26
Gower AONB,50.45,1.25,1.16,0,8.530000000000001,18.44,92.45,14.03,0,0,0,0,0,0,186.31
Llyn AONB,11.85,0,1.3399999999999999,1.38,1.94,23.34,50.26,45.730000000000004,19.8,0,0,3.68,0,0,159.32
Pembrokeshire Coast National Park,36.43,0.8200000000000001,7.16,0,46.55,125.14999999999999,224.55,130.36,9.84,0,0,8.86,18.19,0,607.91
Snowdonia National Park,52.36,0,7.57,0.05,42.949999999999996,123.62,126.14,321.24,894,139.12,238.57,160.42000000000002,23.37,9.92,2139.33
Wye Valley AONB (Wales),0,0,0.03,0.03,25.38,10.37,6.9399999999999995,28.54,0,0,44.95,0,1.04,0,117.28
Total,193.73,3.6,30.830000000000002,5.42,148.67,438.43,662.58,787.32,1599.19,140.36,318.94,771.5100000000001,51.330000000000005,16.13,5168.04
