Designated_Landscape,Coastal edge,Developed (amenity),Developed (communities),Developed (industry),Lowland (wooded & wetland),Lowland valleys (hedgerow),Lowland valleys (open),Upland (grassland),Upland (moorland),Upland (rock),Upland (wooded hills),Upland (wooded),Water (inland),Water (sea),Total_Km2
Anglesey AONB,30.64,0.08,0.39,0.02,0.63,1.95,5.34,0,0.01,0,0,0.3,0,5.95,45.31
Brecon Beacons National Park,0,0,0.82,0.05,0.68,0.36,18.72,6.3100000000000005,2.7,0,0.05,15.37,8.07,0,53.13
Clwydian Range and Dee Valley AONB,0,0,0.26,0.06,0.38,7,1.9400000000000002,0.58,0.15,0,0.72,0.37,0.18,0,11.64
Gower AONB,32.059999999999995,0,0.03,0,1.32,0.64,2.94,0,0,0,0,0,0,0,36.989999999999995
Llyn AONB,5.87,0,0.05,0,0.39,0.2,1.5999999999999999,0.1,0,0,0,0,0,0,8.21
Pembrokeshire Coast National Park,14.82,0.15,0.34,0,3.56,3.44,3.79,2.09,0,0,0,0,10.31,0,38.5
Snowdonia National Park,30.41,0,1.25,0,7.68,13.31,28.43,9.8,6.33,0.3,3.13,2.66,13.79,9.84,126.93
Wye Valley AONB (Wales),0,0,0.02,0.01,1.5,0.41,2.34,0.23,0,0,0.13999999999999999,0,1.04,0,5.6899999999999995
Total,113.8,0.22999999999999998,3.16,0.14,16.14,27.31,65.1,19.11,9.19,0.3,4.04,18.7,33.39,15.79,326.40000000000003
